Workbook

Sheet Sales_Data
A1: ID | B1: Date | C1: Month | D1: Product | E1: Channel | F1: Region | G1: Salesperson | H1: Leads | I1: Deals | J1: Sales_AZN | K1: Revenue_AZN | L1: Conv_Rate | M1: Avg_Ticket
A2: 1 | B2: 2026-01-01 | C2: 2026-01 | D2: İdman Malları | E2: Mağaza | F2: Digər | G2: Nigar S. | H2: 1 | I2: 1 | J2: 207.03 | K2: 63.22 | L2: =IF(H2=0,0,I2/H2) -> 1 | M2: =IF(I2=0,0,J2/I2) -> 207.03
A3: 2 | B3: 2026-01-01 | C3: 2026-01 | D3: Elektronika | E3: Mağaza | F3: Gəncə | G3: Aysel H. | H3: 9 | I3: 0 | J3: 0 | K3: 0 | L3: =IF(H3=0,0,I3/H3) -> 0 | M3: =IF(I3=0,0,J3/I3) -> 0
A4: 3 | B4: 2026-01-01 | C4: 2026-01 | D4: Geyim | E4: Mağaza | F4: Bakı | G4: Nigar S. | H4: 4 | I4: 1 | J4: 110.57 | K4: 46.59 | L4: =IF(H4=0,0,I4/H4) -> 0.25 | M4: =IF(I4=0,0,J4/I4) -> 110.57
A5: 4 | B5: 2026-01-01 | C5: 2026-01 | D5: Ev Əşyaları | E5: Mağaza | F5: Digər | G5: Aysel H. | H5: 13 | I5: 2 | J5: 470.9 | K5: 108.6 | L5: =IF(H5=0,0,I5/H5) -> 0.15384615 | M5: =IF(I5=0,0,J5/I5) -> 235.45
A6: 5 | B6: 2026-01-01 | C6: 2026-01 | D6: Geyim | E6: Online | F6: Bakı | G6: Rəşad K. | H6: 12 | I6: 2 | J6: 254.08 | K6: 104.71 | L6: =IF(H6=0,0,I6/H6) -> 0.16666667 | M6: =IF(I6=0,0,J6/I6) -> 127.04
A7: 6 | B7: 2026-01-01 | C7: 2026-01 | D7: Mebel | E7: Marketplace | F7: Sumqayıt | G7: Günel R. | H7: 3 | I7: 0 | J7: 0 | K7: 0 | L7: =IF(H7=0,0,I7/H7) -> 0 | M7: =IF(I7=0,0,J7/I7) -> 0
A8: 7 | B8: 2026-01-01 | C8: 2026-01 | D8: Ev Əşyaları | E8: Marketplace | F8: Bakı | G8: Orxan T. | H8: 8 | I8: 1 | J8: 274.14 | K8: 72.74 | L8: =IF(H8=0,0,I8/H8) -> 0.125 | M8: =IF(I8=0,0,J8/I8) -> 274.14
A9: 8 | B9: 2026-01-01 | C9: 2026-01 | D9: Geyim | E9: Mağaza | F9: Bakı | G9: Günel R. | H9: 4 | I9: 1 | J9: 117.55 | K9: 47.18 | L9: =IF(H9=0,0,I9/H9) -> 0.25 | M9: =IF(I9=0,0,J9/I9) -> 117.55
A10: 9 | B10: 2026-01-02 | C10: 2026-01 | D10: Geyim | E10: Mağaza | F10: Gəncə | G10: Aysel H. | H10: 6 | I10: 2 | J10: 190.67 | K10: 78.41 | L10: =IF(H10=0,0,I10/H10) -> 0.33333333 | M10: =IF(I10=0,0,J10/I10) -> 95.335
A11: 10 | B11: 2026-01-02 | C11: 2026-01 | D11: Elektronika | E11: Call Center | F11: Bakı | G11: Aysel H. | H11: 5 | I11: 1 | J11: 954.26 | K11: 123.26 | L11: =IF(H11=0,0,I11/H11) -> 0.2 | M11: =IF(I11=0,0,J11/I11) -> 954.26
A12: 11 | B12: 2026-01-02 | C12: 2026-01 | D12: Ev Əşyaları | E12: Mağaza | F12: Gəncə | G12: Nigar S. | H12: 9 | I12: 5 | J12: 1447.81 | K12: 348.1 | L12: =IF(H12=0,0,I12/H12) -> 0.55555556 | M12: =IF(I12=0,0,J12/I12) -> 289.562
A13: 12 | B13: 2026-01-02 | C13: 2026-01 | D13: Mebel | E13: Marketplace | F13: Gəncə | G13: Rəşad K. | H13: 15 | I13: 1 | J13: 1445.12 | K13: 280.7 | L13: =IF(H13=0,0,I13/H13) -> 0.066666667 | M13: =IF(I13=0,0,J13/I13) -> 1445.12
... A620: 619 | B620: 2026-03-31 | C620: 2026-03 | D620: Ev Əşyaları | E620: Mağaza | F620: Bakı | G620: Aysel H. | H620: 6 | I620: 0 | J620: 0 | K620: 0 | L620: =IF(H620=0,0,I620/H620) -> 0 | M620: =IF(I620=0,0,J620/I620) -> 0
G621: TOTAL | H621: =SUM(H2:H620) -> 4412 | I621: =SUM(I2:I620) -> 870 | J621: =SUM(J2:J620) -> 415008.91 | K621: =SUM(K2:K620) -> 80407.12 | L621: =IF(H621=0,0,I621/H621) -> 0.19718948

Sheet AB_Tests
A1: A/B TEST NƏTİCƏLƏRİ
A2: Dövr: Yanvar – Mart 2026
A4: Test adı | B4: Variant | C4: Təsvir | D4: Users | E4: Conversions | F4: Conv Rate | G4: Revenue (AZN) | H4: Uplift | I4: p-value | J4: Significance | K4: Qərar
A5: Məhsul Tövsiyəsi | B5: A | C5: Standart tövsiyə | D5: 2850 | E5: 410 | F5: =E5/D5 -> 0.14385965 | G5: 142000 | H5: - | I5: - | J5: - | K5: -
A6: Məhsul Tövsiyəsi | B6: B | C6: Fərdi tövsiyə | D6: 2790 | E6: 495 | F6: =E6/D6 -> 0.17741935 | G6: 178500 | H6: =(F6-F5)/F5 -> 0.23328088 | I6: 0.0018 | J6: Yes (99%) | K6: B qalib → scale et
A7: Follow-up Kanalı | B7: A | C7: SMS xatırlatma | D7: 3600 | E7: 395 | F7: =E7/D7 -> 0.10972222 | G7: 68500 | H7: - | I7: - | J7: - | K7: -
A8: Follow-up Kanalı | B8: B | C8: WhatsApp + Push | D8: 3550 | E8: 472 | F8: =E8/D8 -> 0.13295775 | G8: 89200 | H8: =(F8-F7)/F7 -> 0.2117668 | I8: 0.0032 | J8: Yes (99%) | K8: B qalib → keç
A10: Qeyd: Yaşıl rəng = qalib variant. Conv Rate və Uplift düsturla hesablanıb.
A12: Necə yaradılıb:
A13: 1. Test nəticələrini cədvəl şəklində yazdım
A14: 2. Conv Rate = Conversions / Users (düstur)
A15: 3. Uplift = (B rate - A rate) / A rate (düstur)
A16: 4. Qalib variantı yaşıl rənglə işarələdim

Sheet KPI_Dashboard
A1: SATIŞ KPI HESABATI
A2: Mənbə: Sales_Data sheet | Dövr: Yan–Mart 2026
A4: 1. ÜMUMİ GÖSTƏRİCİLƏR
A5: Göstərici | B5: Dəyər
A6: Ümumi Leads | B6: =SUM(Sales_Data!H2:H620) -> 4412
A7: Ümumi Deals | B7: =SUM(Sales_Data!I2:I620) -> 870
A8: Satış Həcmi (AZN) | B8: =SUM(Sales_Data!J2:J620) -> 415008.91
A9: Gəlir / Revenue (AZN) | B9: =SUM(Sales_Data!K2:K620) -> 80407.12
A10: Conversion Rate | B10: =IF(B6=0,0,B7/B6) -> 0.19718948
A11: Orta Ticket (AZN) | B11: =IF(B7=0,0,B8/B7) -> 477.02174
A13: 2. MƏHSUL ÜZRƏ BÖLGÜ
A14: Məhsul | B14: Leads | C14: Deals | D14: Satış (AZN) | E14: Conv Rate
A15: Elektronika | B15: =SUMIF(Sales_Data!D:D,A15,Sales_Data!H:H) -> 1339 | C15: =SUMIF(Sales_Data!D:D,A15,Sales_Data!I:I) -> 231 | D15: =SUMIF(Sales_Data!D:D,A15,Sales_Data!J:J) -> 201076.33 | E15: =IF(B15=0,0,C15/B15) -> 0.1725168
A16: Geyim | B16: =SUMIF(Sales_Data!D:D,A16,Sales_Data!H:H) -> 915 | C16: =SUMIF(Sales_Data!D:D,A16,Sales_Data!I:I) -> 230 | D16: =SUMIF(Sales_Data!D:D,A16,Sales_Data!J:J) -> 27845.3 | E16: =IF(B16=0,0,C16/B16) -> 0.25136612
A17: Ev Əşyaları | B17: =SUMIF(Sales_Data!D:D,A17,Sales_Data!H:H) -> 942 | C17: =SUMIF(Sales_Data!D:D,A17,Sales_Data!I:I) -> 220 | D17: =SUMIF(Sales_Data!D:D,A17,Sales_Data!J:J) -> 65272.84 | E17: =IF(B17=0,0,C17/B17) -> 0.23354565
A18: İdman Malları | B18: =SUMIF(Sales_Data!D:D,A18,Sales_Data!H:H) -> 705 | C18: =SUMIF(Sales_Data!D:D,A18,Sales_Data!I:I) -> 121 | D18: =SUMIF(Sales_Data!D:D,A18,Sales_Data!J:J) -> 22886.96 | E18: =IF(B18=0,0,C18/B18) -> 0.17163121
A19: Mebel | B19: =SUMIF(Sales_Data!D:D,A19,Sales_Data!H:H) -> 511 | C19: =SUMIF(Sales_Data!D:D,A19,Sales_Data!I:I) -> 68 | D19: =SUMIF(Sales_Data!D:D,A19,Sales_Data!J:J) -> 97927.48 | E19: =IF(B19=0,0,C19/B19) -> 0.13307241
A22: 3. KANAL ÜZRƏ BÖLGÜ
A23: Kanal | B23: Leads | C23: Deals | D23: Satış (AZN) | E23: Conv Rate
A24: Mağaza | B24: =SUMIF(Sales_Data!E:E,A24,Sales_Data!H:H) -> 1620 | C24: =SUMIF(Sales_Data!E:E,A24,Sales_Data!I:I) -> 319 | D24: =SUMIF(Sales_Data!E:E,A24,Sales_Data!J:J) -> 154859.49 | E24: =IF(B24=0,0,C24/B24) -> 0.19691358
A25: Online | B25: =SUMIF(Sales_Data!E:E,A25,Sales_Data!H:H) -> 1295 | C25: =SUMIF(Sales_Data!E:E,A25,Sales_Data!I:I) -> 257 | D25: =SUMIF(Sales_Data!E:E,A25,Sales_Data!J:J) -> 121995.55 | E25: =IF(B25=0,0,C25/B25) -> 0.1984556
A26: Call Center | B26: =SUMIF(Sales_Data!E:E,A26,Sales_Data!H:H) -> 762 | C26: =SUMIF(Sales_Data!E:E,A26,Sales_Data!I:I) -> 156 | D26: =SUMIF(Sales_Data!E:E,A26,Sales_Data!J:J) -> 62934.25 | E26: =IF(B26=0,0,C26/B26) -> 0.20472441
A27: Marketplace | B27: =SUMIF(Sales_Data!E:E,A27,Sales_Data!H:H) -> 735 | C27: =SUMIF(Sales_Data!E:E,A27,Sales_Data!I:I) -> 138 | D27: =SUMIF(Sales_Data!E:E,A27,Sales_Data!J:J) -> 75219.62 | E27: =IF(B27=0,0,C27/B27) -> 0.1877551
A30: Necə yaradılıb:
A31: • Ümumi rəqəmlər → Sales_Data-dan SUM düsturu ilə
A32: • Məhsul / Kanal cədvəlləri → SUMIF düsturu ilə
A33: • Conv Rate → Deals / Leads (sadə bölmə)

Sheet Monthly_Report
A1: AYLIQ SATIŞ XÜLASƏSİ
A2: Mənbə: Sales_Data | Yanvar – Mart 2026
A4: Ay | B4: Leads | C4: Deals | D4: Satış (AZN) | E4: Revenue (AZN) | F4: Conv Rate
A5: 2026-01 | B5: =SUMIF(Sales_Data!C:C,A5,Sales_Data!H:H) -> 1390 | C5: =SUMIF(Sales_Data!C:C,A5,Sales_Data!I:I) -> 286 | D5: =SUMIF(Sales_Data!C:C,A5,Sales_Data!J:J) -> 129133.25 | E5: =SUMIF(Sales_Data!C:C,A5,Sales_Data!K:K) -> 26265.06 | F5: =IF(B5=0,0,C5/B5) -> 0.2057554
A6: 2026-02 | B6: =SUMIF(Sales_Data!C:C,A6,Sales_Data!H:H) -> 1495 | C6: =SUMIF(Sales_Data!C:C,A6,Sales_Data!I:I) -> 295 | D6: =SUMIF(Sales_Data!C:C,A6,Sales_Data!J:J) -> 151070.74 | E6: =SUMIF(Sales_Data!C:C,A6,Sales_Data!K:K) -> 28627.65 | F6: =IF(B6=0,0,C6/B6) -> 0.19732441
A7: 2026-03 | B7: =SUMIF(Sales_Data!C:C,A7,Sales_Data!H:H) -> 1527 | C7: =SUMIF(Sales_Data!C:C,A7,Sales_Data!I:I) -> 289 | D7: =SUMIF(Sales_Data!C:C,A7,Sales_Data!J:J) -> 134804.92 | E7: =SUMIF(Sales_Data!C:C,A7,Sales_Data!K:K) -> 25514.41 | F7: =IF(B7=0,0,C7/B7) -> 0.18925999
A8: CƏMİ | B8: =SUM(B5:B7) -> 4412 | C8: =SUM(C5:C7) -> 870 | D8: =SUM(D5:D7) -> 415008.91 | E8: =SUM(E5:E7) -> 80407.12 | F8: =IF(B8=0,0,C8/B8) -> 0.19718948
A10: QISA NƏTİCƏ VƏ TÖVSİYƏLƏR
A11: 1. Fərdi məhsul tövsiyəsi (B variantı) daha yaxşı nəticə verdi → bütün kanallara tətbiq etmək olar.
A12: 2. WhatsApp + Push follow-up SMS-dən üstündür → standart follow-up kimi keçirmək məsləhətdir.
A13: 3. Mağaza kanalında conversion Online-dan yüksəkdir. Online təcrübəsini yaxşılaşdırmaq lazımdır.
A14: 4. Mebel kateqoriyasında ticket yüksək, conversion isə aşağıdır → lead keyfiyyətinə diqqət yetirin.
A16: Necə yaradılıb:
A17: • Hər ay üçün SUMIF ilə Leads, Deals, Satış və Revenue çəkildi
A18: • Conv Rate = Deals / Leads düsturu ilə hesablanıb
A19: • Tövsiyələr A/B test və KPI nəticələrinə əsasən yazılıb

Sheet Action_Plan
A1: OPTİMİZASİYA PLANI
A2: A/B test və KPI nəticələrinə əsasən hazırlanıb
A4: Prioritet | B4: Əməliyyat | C4: Məsul | D4: Son tarix | E4: Gözlənilən təsir
A5: P0 | B5: Fərdi məhsul tövsiyəsini bütün kanallara tətbiq et | C5: Sales + Digital | D5: 15 May | E5: +7-9% Conv
A6: P0 | B6: WhatsApp + Push follow-up-u standartlaşdır | C6: CRM komandası | D6: 20 May | E6: +10% Revenue
A7: P1 | B7: Online kanalın conversion-unu artır (UX) | C7: Product | D7: 10 İyun | E7: +12% Online Conv
A8: P1 | B8: Mebel kateqoriyası üçün lead scoring tətbiq et | C8: Sales | D8: 15 İyun | E8: +2-3 pp Conv
A10: Necə yaradılıb:
A11: • A/B test qaliblərindən P0 prioritetlər götürüldü
A12: • KPI-lərdə zəif olan yerlər (Online, Mebel) P1 kimi əlavə edildi
A13: • Hər əməliyyata məsul şəxs və tarix yazıldı
